subreddit,id,title,author,created,score,num_comments,url,permalink
javascript,1ls3tnt,"Showoff Saturday (July 05, 2025)",AutoModerator,2025-07-05T07:00:37.000Z,2,6,https://www.reddit.com/r/javascript/comments/1ls3tnt/showoff_saturday_july_05_2025/,https://reddit.com/r/javascript/comments/1ls3tnt/showoff_saturday_july_05_2025/
javascript,1libsa4,"Your /r/javascript recap for the week of June 16 - June 22, 2025",subredditsummarybot,2025-06-23T09:03:52.000Z,3,1,https://www.reddit.com/r/javascript/comments/1libsa4/your_rjavascript_recap_for_the_week_of_june_16/,https://reddit.com/r/javascript/comments/1libsa4/your_rjavascript_recap_for_the_week_of_june_16/
javascript,1lszqyf,"Cross (frontend) framework REPL, with markdown islands",nullvoxpopuli,2025-07-06T12:13:17.000Z,6,1,https://limber.glimdown.com/,https://reddit.com/r/javascript/comments/1lszqyf/cross_frontend_framework_repl_with_markdown/
javascript,1lt2l0i,"How to loosely synchronize React stores across multiple Tauri windows (without a Rust backend)",kostakos14,2025-07-06T14:29:25.000Z,2,0,https://gethopp.app/blog/tauri-window-state-sync,https://reddit.com/r/javascript/comments/1lt2l0i/how_to_loosely_synchronize_react_stores_across/
javascript,1lsuklz,"Built a CLI tool that generates color shades (feedback welcome!)",itsspiderhand,2025-07-06T06:32:12.000Z,2,0,https://www.npmjs.com/package/iroai,https://reddit.com/r/javascript/comments/1lsuklz/built_a_cli_tool_that_generates_color_shades/
javascript,1lszw5y,"Create React UI component with uncontrollable",asdman1,2025-07-06T12:21:06.000Z,0,0,https://adropincalm.com/blog/create-react-ui-component-uncontrollable/,https://reddit.com/r/javascript/comments/1lszw5y/create_react_ui_component_with_uncontrollable/
javascript,1lsvtiy,"Discover the best digital tools (+900 Tool!)",elkha_yate,2025-07-06T07:56:01.000Z,0,0,https://www.thetoolslist.com,https://reddit.com/r/javascript/comments/1lsvtiy/discover_the_best_digital_tools_900_tool/
javascript,1lsqvql,"I couldn't find a good actutor implementation in js, so I decided to code it myself.",Hadestructhor,2025-07-06T02:49:20.000Z,0,17,https://www.npmjs.com/package/@actuatorjs/actuatorjs,https://reddit.com/r/javascript/comments/1lsqvql/i_couldnt_find_a_good_actutor_implementation_in/
javascript,1lrsucz,"typescript-result 3.3.0 is out: generator support",everweij,2025-07-04T20:40:48.000Z,15,4,https://github.com/everweij/typescript-result,https://reddit.com/r/javascript/comments/1lrsucz/typescriptresult_330_is_out_generator_support/
javascript,1lqs47b,"How We Refactored 10,000 i18n Call Sites Without Breaking Production",patreon-eng,2025-07-03T15:13:40.000Z,58,4,https://www.patreon.com/posts/133137028,https://reddit.com/r/javascript/comments/1lqs47b/how_we_refactored_10000_i18n_call_sites_without/
javascript,1lrcopg,"Built a full-stack Kanban board app with React, Redux, and Node â€” open to feedback or ideas",Infected_ship,2025-07-04T07:26:45.000Z,1,17,https://github.com/gmartirosyan-bash/DevConnect-front,https://reddit.com/r/javascript/comments/1lrcopg/built_a_fullstack_kanban_board_app_with_react/
javascript,1lr024u,"Introducing Presidium Websocket - a WebSocket client and server for Node.js",richytong,2025-07-03T20:31:07.000Z,3,8,https://github.com/richytong/presidium-websocket,https://reddit.com/r/javascript/comments/1lr024u/introducing_presidium_websocket_a_websocket/
javascript,1lqv85m,"Built a tracer with Mermaid UML visualization support for webpack's tapable hooks",-ertgl,2025-07-03T17:17:09.000Z,3,0,https://github.com/ertgl/tapable-tracer,https://reddit.com/r/javascript/comments/1lqv85m/built_a_tracer_with_mermaid_uml_visualization/
javascript,1lqya7r,"[AskJS] How can I optimize a large JS web SDK for speed and small in size?",supersid1695,2025-07-03T19:18:07.000Z,0,13,https://www.reddit.com/r/javascript/comments/1lqya7r/askjs_how_can_i_optimize_a_large_js_web_sdk_for/,https://reddit.com/r/javascript/comments/1lqya7r/askjs_how_can_i_optimize_a_large_js_web_sdk_for/
javascript,1lr0sjh,"[AskJS] How much of your dev work do you accomplish with AI in 2025?",zuluana,2025-07-03T21:01:47.000Z,0,39,https://www.reddit.com/r/javascript/comments/1lr0sjh/askjs_how_much_of_your_dev_work_do_you_accomplish/,https://reddit.com/r/javascript/comments/1lr0sjh/askjs_how_much_of_your_dev_work_do_you_accomplish/
javascript,1lptja1,"Built a way to prefetch based on where the user is heading with their mouse instead of on hovering.",supersnorkel,2025-07-02T11:36:50.000Z,57,17,https://foresightjs.com/,https://reddit.com/r/javascript/comments/1lptja1/built_a_way_to_prefetch_based_on_where_the_user/
javascript,1lpki33,"Built a QR Code Generator That Doesn't Suck",nuung,2025-07-02T02:29:18.000Z,46,11,https://nuung.github.io/qrcode-gen/,https://reddit.com/r/javascript/comments/1lpki33/built_a_qr_code_generator_that_doesnt_suck/
javascript,1lpuzz0,"Built OAuth-enabled MCP server with TypeScript SDK",jiashenggo,2025-07-02T12:49:38.000Z,5,0,https://zenstack.dev/blog/database-to-mcp#building-an-mcp-server-from-scratch,https://reddit.com/r/javascript/comments/1lpuzz0/built_oauthenabled_mcp_server_with_typescript_sdk/
javascript,1lqecmf,"[AskJS] Am I basically screwed out of jobs if I'm not familiar with React? Also, where are all of the",ZanMist1,2025-07-03T02:31:17.000Z,0,83,https://www.reddit.com/r/javascript/comments/1lqecmf/askjs_am_i_basically_screwed_out_of_jobs_if_im/,https://reddit.com/r/javascript/comments/1lqecmf/askjs_am_i_basically_screwed_out_of_jobs_if_im/
javascript,1lq6i3u,"[AskJS] About Maximilian SchwarzmÃ¼ller's node course",Onarcoleptico,2025-07-02T20:31:27.000Z,0,2,https://www.reddit.com/r/javascript/comments/1lq6i3u/askjs_about_maximilian_schwarzmÃ¼llers_node_course/,https://reddit.com/r/javascript/comments/1lq6i3u/askjs_about_maximilian_schwarzmÃ¼llers_node_course/
javascript,1lp3ds6,"Built my own digital cabin with lo-fi, rain, and zero distractions â€” now I live there",zetsuuu4,2025-07-01T14:39:38.000Z,15,22,https://lofigrid.saranshh.in,https://reddit.com/r/javascript/comments/1lp3ds6/built_my_own_digital_cabin_with_lofi_rain_and/
javascript,1lpwh8i,"Figma to React Using Cursor AI",luffyrotaro,2025-07-02T13:54:43.000Z,0,0,https://www.niraj.life/blog/figma-to-code-using-cursor-ai/,https://reddit.com/r/javascript/comments/1lpwh8i/figma_to_react_using_cursor_ai/
javascript,1lp68fy,"Rewriting My First Library in Rust + WASM: img-toolkit",Secure-Gap-1419,2025-07-01T16:29:31.000Z,6,2,https://github.com/2YH02/img-toolkit,https://reddit.com/r/javascript/comments/1lp68fy/rewriting_my_first_library_in_rust_wasm_imgtoolkit/
javascript,1lpf0ab,"[AskJS] Coolmathgames Cursor Trail",Dense-Consequence737,2025-07-01T22:09:10.000Z,2,1,https://www.reddit.com/r/javascript/comments/1lpf0ab/askjs_coolmathgames_cursor_trail/,https://reddit.com/r/javascript/comments/1lpf0ab/askjs_coolmathgames_cursor_trail/
javascript,1lp18dg,"I built a git wrapper that lets you work in your preferred style locally while maintaining a consistent style remotely.",mho-22,2025-07-01T13:08:16.000Z,6,0,https://github.com/capsulescodes/flint,https://reddit.com/r/javascript/comments/1lp18dg/i_built_a_git_wrapper_that_lets_you_work_in_your/
javascript,1lopzol,"I built a toy compiler in TypeScript for Pinky that targets WebAssembly",kev_xb,2025-07-01T02:09:44.000Z,29,6,https://pinky.cool.omg.lol,https://reddit.com/r/javascript/comments/1lopzol/i_built_a_toy_compiler_in_typescript_for_pinky/
javascript,1lpsl12,"Integrate AI into your website in seconds",NicDevIam,2025-07-02T10:43:31.000Z,0,6,http://npmjs.com/package/ai-bind,https://reddit.com/r/javascript/comments/1lpsl12/integrate_ai_into_your_website_in_seconds/
programming,1lsb6ja,"'I'm being paid to fix issues caused by AI'",grauenwolf,2025-07-05T14:30:11.000Z,1176,267,https://www.bbc.com/news/articles/cyvm1dyp9v2o,https://reddit.com/r/programming/comments/1lsb6ja/im_being_paid_to_fix_issues_caused_by_ai/
programming,1lsw1xh,"Reverse Engineering Anti-Debugging Techniques (with Nathan Baggs!)",RazerOG,2025-07-06T08:11:34.000Z,14,1,https://youtu.be/0XwhmrIU3fY,https://reddit.com/r/programming/comments/1lsw1xh/reverse_engineering_antidebugging_techniques_with/
programming,1lt6bot,"Security researcher exploits GitHub gotcha, gets admin access to all Istio repositories and more",Franco1875,2025-07-06T17:06:41.000Z,2,1,https://devclass.com/2025/07/03/security-researcher-exploits-github-gotcha-gets-admin-access-to-all-istio-repositories-and-more/,https://reddit.com/r/programming/comments/1lt6bot/security_researcher_exploits_github_gotcha_gets/
programming,1lstx49,"GitHub - TUIKit is a C++ framework designed to build rich and interactive Terminal/Text User Interfaces (TUIs).",FanMacturbo,2025-07-06T05:50:32.000Z,9,0,https://github.com/skhelladi/TUIKit,https://reddit.com/r/programming/comments/1lstx49/github_tuikit_is_a_c_framework_designed_to_build/
programming,1lso5jb,"Tracing the roots of the 8086 instruction set to the Datapoint 2200 minicomputer",GwanTheSwans,2025-07-06T00:20:26.000Z,30,1,http://www.righto.com/2023/08/datapoint-to-8086.html,https://reddit.com/r/programming/comments/1lso5jb/tracing_the_roots_of_the_8086_instruction_set_to/
programming,1lsa7xz,"Why do software teams slow down as they grow? (Observation and opinionated piece)",youcans33m3,2025-07-05T13:44:28.000Z,199,67,https://medium.com/readers-club/why-software-development-gets-harder-in-teams-38501f28b40b?sk=97f4d40f4ef1939b306b1029ada7ab14,https://reddit.com/r/programming/comments/1lsa7xz/why_do_software_teams_slow_down_as_they_grow/
programming,1lsxbpo,"C3 0.7.3 released - improvements and bug fixes",Nuoji,2025-07-06T09:39:55.000Z,4,0,https://c3-lang.org/blog/c3-0-7-3-small-improvements/,https://reddit.com/r/programming/comments/1lsxbpo/c3_073_released_improvements_and_bug_fixes/
programming,1lsfqj9,"Trying uv: The Future of Python Package Management",yangzhou1993,2025-07-05T17:51:41.000Z,79,67,https://medium.com/techtofreedom/trying-uv-the-future-of-python-package-management-947e72420120?sk=7eaa30fd7130cb60a014e3a6a3aceaa7,https://reddit.com/r/programming/comments/1lsfqj9/trying_uv_the_future_of_python_package_management/
programming,1lsynyx,"OPA with Kubernetes: How It Works &amp; Benefits of Use",youmarye,2025-07-06T11:08:10.000Z,3,0,https://www.groundcover.com/blog/opa-with-kubernetes,https://reddit.com/r/programming/comments/1lsynyx/opa_with_kubernetes_how_it_works_benefits_of_use/
programming,1lsd8p8,"Local First Software Is Easier to Scale",ChiliPepperHott,2025-07-05T16:02:40.000Z,100,24,https://elijahpotter.dev/articles/local-first_software_is_easier_to_scale,https://reddit.com/r/programming/comments/1lsd8p8/local_first_software_is_easier_to_scale/
programming,1lsylp0,"Why Build Software Frameworks",youmarye,2025-07-06T11:04:22.000Z,3,0,https://root.sigsegv.in/posts/why-build-software-frameworks/,https://reddit.com/r/programming/comments/1lsylp0/why_build_software_frameworks/
programming,1lt64eb,"Do You know how to batch?",nfrankel,2025-07-06T16:58:37.000Z,1,0,https://blog.frankel.ch/how-to-batch/,https://reddit.com/r/programming/comments/1lt64eb/do_you_know_how_to_batch/
programming,1lt62yr,"A Brief Discussion on Rubyâ€™s Philosophy and AI Integration",Idkwhyweneedusername,2025-07-06T16:56:59.000Z,1,0,https://ryuru.com/a-brief-discussion-on-rubys-philosophy-and-ai-integration/,https://reddit.com/r/programming/comments/1lt62yr/a_brief_discussion_on_rubys_philosophy_and_ai/
programming,1lt57ue,"Programming the Meta RayBan Glasses?",Yopieieie,2025-07-06T16:20:50.000Z,0,2,https://www.forbes.com/sites/johnkoetsier/2024/10/03/metas-ray-ban-smart-glasses-used-to-instantly-dox-strangers-in-public-thanks-to-ai-and-facial-recognition/,https://reddit.com/r/programming/comments/1lt57ue/programming_the_meta_rayban_glasses/
programming,1lt4rj4,"Monitoring Kafka in Kubernetes with Prometheus and Grafana",Outrageous-Seaweed31,2025-07-06T16:01:54.000Z,1,0,https://vkontech.com/monitoring-kafka-in-kubernetes-with-prometheus-and-grafana/,https://reddit.com/r/programming/comments/1lt4rj4/monitoring_kafka_in_kubernetes_with_prometheus/
programming,1lsth35,"Google's BigTable Paper Explained",lazyhawk20,2025-07-06T05:22:55.000Z,8,4,https://hexploration.substack.com/p/googles-bigtable-paper-explained,https://reddit.com/r/programming/comments/1lsth35/googles_bigtable_paper_explained/
programming,1lsgajr,"The messy reality of SIMD (vector) functions",emschwartz,2025-07-05T18:16:05.000Z,52,3,https://johnnysswlab.com/the-messy-reality-of-simd-vector-functions,https://reddit.com/r/programming/comments/1lsgajr/the_messy_reality_of_simd_vector_functions/
programming,1lt38ld,"Part 1: `KmpEssentials` In Compose Multiplatform",GrouchyMonk4414,2025-07-06T14:57:58.000Z,1,0,https://medium.com/@muralivitt/part-1-kmpessentials-in-compose-multiplatform-a2e6fa163b2a,https://reddit.com/r/programming/comments/1lt38ld/part_1_kmpessentials_in_compose_multiplatform/
programming,1lt1mcu,"Day 5: Mastering Pipe and Map in RxJS â€” Transforming Your Streams",MysteriousEye8494,2025-07-06T13:45:36.000Z,1,0,https://medium.com/devinsight/day-5-mastering-pipe-and-map-in-rxjs-transforming-your-streams-515657532adf,https://reddit.com/r/programming/comments/1lt1mcu/day_5_mastering_pipe_and_map_in_rxjs_transforming/
programming,1lt5smd,"Generateur de CHATBOT RAG",Better_Demand_7156,2025-07-06T16:45:08.000Z,0,0,https://madachat.onirtech.com,https://reddit.com/r/programming/comments/1lt5smd/generateur_de_chatbot_rag/
programming,1lsf3h8,"I want to leave tech: what do I do?",Chobeat,2025-07-05T17:23:09.000Z,35,26,https://write.as/conjure-utopia/lets-say-youre-working-in-tech-and-you-have-a-technical-role-youre-a,https://reddit.com/r/programming/comments/1lsf3h8/i_want_to_leave_tech_what_do_i_do/
programming,1lrgcnb,"GitHub CEO says the â€˜smartestâ€™ companies will hire more software engineers not less as AI develops",Accomplished-Win9630,2025-07-04T11:23:33.000Z,6981,427,https://medium.com/@kt149/github-ceo-says-the-smartest-companies-will-hire-more-software-engineers-not-less-as-ai-develops-17d157bdd992,https://reddit.com/r/programming/comments/1lrgcnb/github_ceo_says_the_smartest_companies_will_hire/
programming,1lt143z,"Sunday reads for EMs",stmoreau,2025-07-06T13:21:45.000Z,0,2,https://www.blog4ems.com/p/4-sunday-reads-for-ems,https://reddit.com/r/programming/comments/1lt143z/sunday_reads_for_ems/
programming,1lsx5x3,"Hosting an online hackathon for beginners and intermediate people alike",TomorrowStrong,2025-07-06T09:28:22.000Z,1,0,https://hack.osdc.dev/,https://reddit.com/r/programming/comments/1lsx5x3/hosting_an_online_hackathon_for_beginners_and/
programming,1lsyrnu,"Let's make a game! 284: Fixing some mistakes",apeloverage,2025-07-06T11:14:44.000Z,0,0,https://www.youtube.com/watch?v=tWr3NJiiNZo,https://reddit.com/r/programming/comments/1lsyrnu/lets_make_a_game_284_fixing_some_mistakes/
webdev,1lozssg,"Monthly Getting Started / Web Dev Career Thread",AutoModerator,2025-07-01T12:00:44.000Z,5,4,https://www.reddit.com/r/webdev/comments/1lozssg/monthly_getting_started_web_dev_career_thread/,https://reddit.com/r/webdev/comments/1lozssg/monthly_getting_started_web_dev_career_thread/
webdev,1lssfag,"Amazon abandoned Goodreads. So I built the replacement",LunaAtKaguya,2025-07-06T04:18:31.000Z,730,109,https://www.reddit.com/gallery/1lssfag,https://reddit.com/r/webdev/comments/1lssfag/amazon_abandoned_goodreads_so_i_built_the/
webdev,1lsaixb,"ascii portal + hand tracking, a video effect that runs in real-time on the web",getToTheChopin,2025-07-05T13:59:46.000Z,643,40,https://i.redd.it/3ql7frtma2bf1.gif,https://reddit.com/r/webdev/comments/1lsaixb/ascii_portal_hand_tracking_a_video_effect_that/
webdev,1lt34wq,"Freelance CRM",Rhysypops,2025-07-06T14:53:32.000Z,3,5,https://www.reddit.com/r/webdev/comments/1lt34wq/freelance_crm/,https://reddit.com/r/webdev/comments/1lt34wq/freelance_crm/
webdev,1ls4ncb,"I built a tool that tracks what the U.S. President is doing in real-time",madredditscientist,2025-07-05T07:56:47.000Z,754,88,https://i.redd.it/iovarqvwh0bf1.gif,https://reddit.com/r/webdev/comments/1ls4ncb/i_built_a_tool_that_tracks_what_the_us_president/
webdev,1lsdvfv,"I made an Electron app which doesn't use gigabytes of RAM! Electron + SvelteKit + GQL",ThaUnknown,2025-07-05T16:30:19.000Z,141,42,https://i.redd.it/ynqvfs9m13bf1.gif,https://reddit.com/r/webdev/comments/1lsdvfv/i_made_an_electron_app_which_doesnt_use_gigabytes/
webdev,1lsyym9,"Rate my dashboard layout",K3NCHO,2025-07-06T11:26:53.000Z,5,8,https://www.reddit.com/r/webdev/comments/1lsyym9/rate_my_dashboard_layout/,https://reddit.com/r/webdev/comments/1lsyym9/rate_my_dashboard_layout/
webdev,1lt0dud,"Need feedback for my site my attempt build ""homemade"" liveuamap with php",Merchant_Lawrence,2025-07-06T12:46:50.000Z,3,0,https://www.reddit.com/gallery/1lt0dud,https://reddit.com/r/webdev/comments/1lt0dud/need_feedback_for_my_site_my_attempt_build/
webdev,1lt5uvw,"Planning to make a marketplace p2p platform, where , files are shared via email",Nikhil__P,2025-07-06T16:47:45.000Z,0,0,https://www.reddit.com/r/webdev/comments/1lt5uvw/planning_to_make_a_marketplace_p2p_platform_where/,https://reddit.com/r/webdev/comments/1lt5uvw/planning_to_make_a_marketplace_p2p_platform_where/
webdev,1lsxn8x,"I Built an API to Detect Website Tech Stacks - StackLens",PalashxNotion,2025-07-06T10:01:50.000Z,3,0,https://www.reddit.com/r/webdev/comments/1lsxn8x/i_built_an_api_to_detect_website_tech_stacks/,https://reddit.com/r/webdev/comments/1lsxn8x/i_built_an_api_to_detect_website_tech_stacks/
webdev,1lt3lm6,"Built an ecommerce platform to host your sites, or use as headless CMS",dvidsilva,2025-07-06T15:13:18.000Z,1,0,https://www.reddit.com/r/webdev/comments/1lt3lm6/built_an_ecommerce_platform_to_host_your_sites_or/,https://reddit.com/r/webdev/comments/1lt3lm6/built_an_ecommerce_platform_to_host_your_sites_or/
webdev,1lsco4e,"I made a simple number game",throwaway1122311243,2025-07-05T15:37:33.000Z,73,19,https://www.reddit.com/gallery/1lsco4e,https://reddit.com/r/webdev/comments/1lsco4e/i_made_a_simple_number_game/
webdev,1lskdy9,"Made a handwriting to LaTeX app that does more than just regular OCR! Planning to add more features to it.",Nomadic_Seth,2025-07-05T21:17:59.000Z,19,0,https://www.reddit.com/gallery/1lskdy9,https://reddit.com/r/webdev/comments/1lskdy9/made_a_handwriting_to_latex_app_that_does_more/
webdev,1lsop2k,"Learning path:",InstructionSimilar85,2025-07-06T00:49:06.000Z,10,10,https://www.reddit.com/r/webdev/comments/1lsop2k/learning_path/,https://reddit.com/r/webdev/comments/1lsop2k/learning_path/
webdev,1ls6oqf,"I saw a meme about ""Sinkedin - a Linkedin for posting failures"", so I actually built it",TheQuirkyOne_0307,2025-07-05T10:19:56.000Z,125,23,https://www.reddit.com/r/webdev/comments/1ls6oqf/i_saw_a_meme_about_sinkedin_a_linkedin_for/,https://reddit.com/r/webdev/comments/1ls6oqf/i_saw_a_meme_about_sinkedin_a_linkedin_for/
webdev,1lszaxf,"Uploading Images Onto Cloudinary",LunasLefty,2025-07-06T11:47:38.000Z,1,6,https://www.reddit.com/r/webdev/comments/1lszaxf/uploading_images_onto_cloudinary/,https://reddit.com/r/webdev/comments/1lszaxf/uploading_images_onto_cloudinary/
webdev,1lsl2yh,"Block AI Crawlers, Save Tears: Ditching Vercel for Cloudflare Pages",adogecc,2025-07-05T21:50:00.000Z,10,1,https://jenchan.biz/blog/blocking-ai-crawlers,https://reddit.com/r/webdev/comments/1lsl2yh/block_ai_crawlers_save_tears_ditching_vercel_for/
webdev,1lsd655,"Standalone web component to animate numbers like on a landing page",WebBurnout,2025-07-05T15:59:50.000Z,28,3,https://i.redd.it/3h13k3att2bf1.gif,https://reddit.com/r/webdev/comments/1lsd655/standalone_web_component_to_animate_numbers_like/
webdev,1ls8cv1,"I built a web app to allow people build knowledge graphs together in real-time",Strict-Criticism7677,2025-07-05T12:05:57.000Z,47,12,https://i.redd.it/dhuhnqnnp1bf1.png,https://reddit.com/r/webdev/comments/1ls8cv1/i_built_a_web_app_to_allow_people_build_knowledge/
webdev,1lt1r2u,"Could anyone provide me some advice for streamlining my web dev local-code-to-server process? because it sucks.",SnurflePuffinz,2025-07-06T13:51:38.000Z,0,25,https://www.reddit.com/r/webdev/comments/1lt1r2u/could_anyone_provide_me_some_advice_for/,https://reddit.com/r/webdev/comments/1lt1r2u/could_anyone_provide_me_some_advice_for/
webdev,1ls2uia,"I made a website where you can customize and export any symbol as SVG/PNG, or copy symbols with their Unicode, HTML, CSS, and ALT codes",usaidr,2025-07-05T05:56:39.000Z,120,17,https://www.reddit.com/gallery/1ls2uia,https://reddit.com/r/webdev/comments/1ls2uia/i_made_a_website_where_you_can_customize_and/
webdev,1ls9wls,"I built a tool to create personal apps with data-persistent - zero backend code required",meistertigran,2025-07-05T13:28:36.000Z,20,11,https://i.redd.it/bo1krck812bf1.gif,https://reddit.com/r/webdev/comments/1ls9wls/i_built_a_tool_to_create_personal_apps_with/
webdev,1lt3fzc,"I want your views on this ðŸ‘‡",sshivessh,2025-07-06T15:06:31.000Z,0,3,https://www.reddit.com/r/webdev/comments/1lt3fzc/i_want_your_views_on_this/,https://reddit.com/r/webdev/comments/1lt3fzc/i_want_your_views_on_this/
webdev,1lrs70n,"[Rant] Iâ€™m tired of React and Next.js",stealth_Master01,2025-07-04T20:10:53.000Z,442,269,https://www.reddit.com/r/webdev/comments/1lrs70n/rant_im_tired_of_react_and_nextjs/,https://reddit.com/r/webdev/comments/1lrs70n/rant_im_tired_of_react_and_nextjs/
webdev,1lsk57u,"I built a privacy oriented passkey-based social login system. This is Qrogin!",Life-Spring1857,2025-07-05T21:07:07.000Z,4,0,https://www.reddit.com/r/webdev/comments/1lsk57u/i_built_a_privacy_oriented_passkeybased_social/,https://reddit.com/r/webdev/comments/1lsk57u/i_built_a_privacy_oriented_passkeybased_social/
webdev,1lss5m5,"403 Forbidden on Gmail API iframerpc in React/Vite + gapi-script OAuth2",Der_KaizerII,2025-07-06T04:03:03.000Z,1,3,https://www.reddit.com/r/webdev/comments/1lss5m5/403_forbidden_on_gmail_api_iframerpc_in_reactvite/,https://reddit.com/r/webdev/comments/1lss5m5/403_forbidden_on_gmail_api_iframerpc_in_reactvite/
reactjs,1k68pl2,"React Labs: View Transitions, Activity, and more",rickhanlonii,2025-04-23T19:56:49.000Z,72,30,https://react.dev/blog/2025/04/23/react-labs-view-transitions-activity-and-more,https://reddit.com/r/reactjs/comments/1k68pl2/react_labs_view_transitions_activity_and_more/
reactjs,1lpzu66,"Code Questions / Beginner's Thread (July 2025)",acemarke,2025-07-02T16:07:40.000Z,2,0,https://www.reddit.com/r/reactjs/comments/1lpzu66/code_questions_beginners_thread_july_2025/,https://reddit.com/r/reactjs/comments/1lpzu66/code_questions_beginners_thread_july_2025/
reactjs,1lsxico,"Seeking advice on choosing between Next.js and TanStack Start",OldArmadillo3694,2025-07-06T09:52:53.000Z,19,42,https://www.reddit.com/r/reactjs/comments/1lsxico/seeking_advice_on_choosing_between_nextjs_and/,https://reddit.com/r/reactjs/comments/1lsxico/seeking_advice_on_choosing_between_nextjs_and/
reactjs,1lsvnrr,"I hated setting up file uploads so built myself, cause aws sdk sucked",AvailableBeach8602,2025-07-06T07:44:59.000Z,11,4,https://github.com/abhay-ramesh/pushduck,https://reddit.com/r/reactjs/comments/1lsvnrr/i_hated_setting_up_file_uploads_so_built_myself/
reactjs,1lsyyor,"Qrogin: Passkey-powered social login via ReactJs widgets on npm",Life-Spring1857,2025-07-06T11:27:00.000Z,3,0,https://www.reddit.com/r/reactjs/comments/1lsyyor/qrogin_passkeypowered_social_login_via_reactjs/,https://reddit.com/r/reactjs/comments/1lsyyor/qrogin_passkeypowered_social_login_via_reactjs/
reactjs,1lt61x3,"Built an AI chatbot that actually understands your business documents - Hereâ€™s my tech stack and lessons learned",venueboostdev,2025-07-06T16:55:47.000Z,1,4,https://www.reddit.com/r/reactjs/comments/1lt61x3/built_an_ai_chatbot_that_actually_understands/,https://reddit.com/r/reactjs/comments/1lt61x3/built_an_ai_chatbot_that_actually_understands/
reactjs,1lszv7w,"I made a Cross (frontend) framework REPL, and it includes React âœ¨",nullvoxpopuli,2025-07-06T12:19:48.000Z,2,0,https://limber.glimdown.com/,https://reddit.com/r/reactjs/comments/1lszv7w/i_made_a_cross_frontend_framework_repl_and_it/
reactjs,1lt4g9b,"Metis UI-A React component library based on Tailwind CSS",ZealousidealStorm303,2025-07-06T15:48:51.000Z,1,0,https://www.reddit.com/r/reactjs/comments/1lt4g9b/metis_uia_react_component_library_based_on/,https://reddit.com/r/reactjs/comments/1lt4g9b/metis_uia_react_component_library_based_on/
reactjs,1lt3gwe,"I added Google One Tap to my portfolio builder â€“ would love some feedback from devs!",_redevblock__,2025-07-06T15:07:37.000Z,0,0,https://www.volooportfolio.com/,https://reddit.com/r/reactjs/comments/1lt3gwe/i_added_google_one_tap_to_my_portfolio_builder/
reactjs,1lsxoz6,"React-Papercss-Design: A react component library based on papercss",Historical-Whole-258,2025-07-06T10:04:45.000Z,2,0,https://www.reddit.com/r/reactjs/comments/1lsxoz6/reactpapercssdesign_a_react_component_library/,https://reddit.com/r/reactjs/comments/1lsxoz6/reactpapercssdesign_a_react_component_library/
reactjs,1lt1jtm,"Querying React components",Themartian7373,2025-07-06T13:42:14.000Z,0,8,https://www.reddit.com/r/reactjs/comments/1lt1jtm/querying_react_components/,https://reddit.com/r/reactjs/comments/1lt1jtm/querying_react_components/
reactjs,1lsyurq,"looking for off the shelf complete react apps",IslamGamal8,2025-07-06T11:20:15.000Z,1,0,https://www.reddit.com/r/reactjs/comments/1lsyurq/looking_for_off_the_shelf_complete_react_apps/,https://reddit.com/r/reactjs/comments/1lsyurq/looking_for_off_the_shelf_complete_react_apps/
reactjs,1lstfcr,"Just Launched a YouTube Channel to Teach Web Dev (React, Node.js, APIs)",Chance_Tap7285,2025-07-06T05:19:58.000Z,1,1,https://www.reddit.com/r/reactjs/comments/1lstfcr/just_launched_a_youtube_channel_to_teach_web_dev/,https://reddit.com/r/reactjs/comments/1lstfcr/just_launched_a_youtube_channel_to_teach_web_dev/
reactjs,1lstdw2,"Looking for open source projects to contribute on",Open_Channel_2100,2025-07-06T05:17:26.000Z,1,1,https://www.reddit.com/r/reactjs/comments/1lstdw2/looking_for_open_source_projects_to_contribute_on/,https://reddit.com/r/reactjs/comments/1lstdw2/looking_for_open_source_projects_to_contribute_on/
reactjs,1lsuyya,"Uncaught Error: Minified React error #31;",Bpant123,2025-07-06T06:58:43.000Z,0,1,https://www.reddit.com/r/reactjs/comments/1lsuyya/uncaught_error_minified_react_error_31/,https://reddit.com/r/reactjs/comments/1lsuyya/uncaught_error_minified_react_error_31/
reactjs,1ls7qxk,"Building native mobile apps with just Next.js and Capacitor (no React Native)",Old-Layer1586,2025-07-05T11:29:51.000Z,10,4,https://www.reddit.com/r/reactjs/comments/1ls7qxk/building_native_mobile_apps_with_just_nextjs_and/,https://reddit.com/r/reactjs/comments/1ls7qxk/building_native_mobile_apps_with_just_nextjs_and/
reactjs,1lsc9d4,"Introducing BNA UI - Expo, React Native component library inspired by shadcn/ui copy and paste components to ship your apps faster ðŸš€",ahmed-BNA,2025-07-05T15:18:54.000Z,1,0,https://ui.ahmedbna.com/,https://reddit.com/r/reactjs/comments/1lsc9d4/introducing_bna_ui_expo_react_native_component/
reactjs,1lsi0c1,"[Tutorial] How to Add a ""Scroll to Top"" Button in React (Only Shows After Scrolling + Smooth Scroll)",twinbro10,2025-07-05T19:31:01.000Z,0,1,https://youtu.be/igJEjiwSfxk?si=UAblj9KptMdPUwg1,https://reddit.com/r/reactjs/comments/1lsi0c1/tutorial_how_to_add_a_scroll_to_top_button_in/
reactjs,1ls80zp,"Having trouble to find a library for Visual Programming",smartphilip,2025-07-05T11:46:43.000Z,1,3,https://www.reddit.com/r/reactjs/comments/1ls80zp/having_trouble_to_find_a_library_for_visual/,https://reddit.com/r/reactjs/comments/1ls80zp/having_trouble_to_find_a_library_for_visual/
reactjs,1ls0gf6,"Built a Matrix Live Wallpaper Engine UI with Vite + React/Electron",FeedFall8,2025-07-05T03:26:35.000Z,1,1,https://www.reddit.com/r/reactjs/comments/1ls0gf6/built_a_matrix_live_wallpaper_engine_ui_with_vite/,https://reddit.com/r/reactjs/comments/1ls0gf6/built_a_matrix_live_wallpaper_engine_ui_with_vite/
reactjs,1ls2xy2,"Issues from creating a new sub-dashboard from an old dashboard in a react app",Babs0075,2025-07-05T06:02:43.000Z,0,2,https://www.reddit.com/r/reactjs/comments/1ls2xy2/issues_from_creating_a_new_subdashboard_from_an/,https://reddit.com/r/reactjs/comments/1ls2xy2/issues_from_creating_a_new_subdashboard_from_an/
reactjs,1lrjh5c,"dinou: a minimal React 19 framework",roggc9,2025-07-04T14:01:13.000Z,12,16,https://www.reddit.com/r/reactjs/comments/1lrjh5c/dinou_a_minimal_react_19_framework/,https://reddit.com/r/reactjs/comments/1lrjh5c/dinou_a_minimal_react_19_framework/
reactjs,1lrsybd,"Framer motion component library?",InevitableView2975,2025-07-04T20:45:50.000Z,3,3,https://www.reddit.com/r/reactjs/comments/1lrsybd/framer_motion_component_library/,https://reddit.com/r/reactjs/comments/1lrsybd/framer_motion_component_library/
reactjs,1lrs5ym,"User Data on the client : where to store them?",UltroGhast,2025-07-04T20:09:32.000Z,3,6,https://www.reddit.com/r/reactjs/comments/1lrs5ym/user_data_on_the_client_where_to_store_them/,https://reddit.com/r/reactjs/comments/1lrs5ym/user_data_on_the_client_where_to_store_them/
reactjs,1lrj21w,"monorepo or not",mohamed_yasser2722,2025-07-04T13:42:29.000Z,10,54,https://www.reddit.com/r/reactjs/comments/1lrj21w/monorepo_or_not/,https://reddit.com/r/reactjs/comments/1lrj21w/monorepo_or_not/
reactjs,1lrhbfz,"This Week In React #241: Remix, Next.js, Turbopack, Radix DOM templating, Ultracite, Stack, StyleX, MUI | Nitro Week, Skia, App Generator, Swift, Kotlin | ES2025, Rspack, Babel, TypeScript, Effect, Deno, Three.js",sebastienlorber,2025-07-04T12:17:26.000Z,9,3,https://thisweekinreact.com/newsletter/241,https://reddit.com/r/reactjs/comments/1lrhbfz/this_week_in_react_241_remix_nextjs_turbopack/
reactjs,1lrodru,"Local AI Journaling App with react/electron",Frosty-Cap-4282,2025-07-04T17:27:18.000Z,3,1,https://www.reddit.com/r/reactjs/comments/1lrodru/local_ai_journaling_app_with_reactelectron/,https://reddit.com/r/reactjs/comments/1lrodru/local_ai_journaling_app_with_reactelectron/
nodejs,b7pzte,"This subreddit has moved to /r/node",s5fs,2019-03-31T17:09:25.000Z,37,12,https://www.reddit.com/r/nodejs/comments/b7pzte/this_subreddit_has_moved_to_rnode/,https://reddit.com/r/nodejs/comments/b7pzte/this_subreddit_has_moved_to_rnode/
nodejs,2c95z6,"It clarified and confirmed what I had written for a recent system was essentially of the correct form (phew), and provided a better understanding of the difference between this.push(message) and processed callback. And of course, it was definitely fun to read :)",RobertoLisak,2014-07-31T17:05:30.000Z,13,1,http://howtonode.org/coding-challenges-with-streams,https://reddit.com/r/nodejs/comments/2c95z6/it_clarified_and_confirmed_what_i_had_written_for/
nodejs,2c6qt6,"Node.JS template engines benchmark",[deleted],2014-07-30T22:57:13.000Z,36,8,https://github.com/Deathspike/template-benchmark,https://reddit.com/r/nodejs/comments/2c6qt6/nodejs_template_engines_benchmark/
nodejs,2c7x69,"Use of cluster in Nodejs",[deleted],2014-07-31T07:05:09.000Z,6,5,http://www.codingdefined.com/2014/07/use-of-cluster-in-nodejs.html,https://reddit.com/r/nodejs/comments/2c7x69/use_of_cluster_in_nodejs/
nodejs,2c4mxc,"Interactively debug NodeJS CLI tools with PHPStorm",infomaniac89,2014-07-30T09:57:26.000Z,8,0,http://techblog.zando.co.za/interactively-debug-nodejs-cli-tools/,https://reddit.com/r/nodejs/comments/2c4mxc/interactively_debug_nodejs_cli_tools_with_phpstorm/
nodejs,2c2cgt,"[META] Merge with /r/node",phvcky,2014-07-29T18:24:03.000Z,43,11,https://www.reddit.com/r/nodejs/comments/2c2cgt/meta_merge_with_rnode/,https://reddit.com/r/nodejs/comments/2c2cgt/meta_merge_with_rnode/
nodejs,2c1ezb,"express.js vs sails.js",rayshinn,2014-07-29T13:02:44.000Z,21,16,https://www.reddit.com/r/nodejs/comments/2c1ezb/expressjs_vs_sailsjs/,https://reddit.com/r/nodejs/comments/2c1ezb/expressjs_vs_sailsjs/
nodejs,2by7rz,"[meta] merge with /r/node",brtt3000,2014-07-28T15:12:06.000Z,62,13,https://www.reddit.com/r/nodejs/comments/2by7rz/meta_merge_with_rnode/,https://reddit.com/r/nodejs/comments/2by7rz/meta_merge_with_rnode/
nodejs,2bz176,"NodeJS application server question",tomatotux,2014-07-28T19:33:00.000Z,6,8,https://www.reddit.com/r/nodejs/comments/2bz176/nodejs_application_server_question/,https://reddit.com/r/nodejs/comments/2bz176/nodejs_application_server_question/
nodejs,2bykpk,"nodejs broker implementation for ZMQ Service Suite",brotherwayne,2014-07-28T17:10:54.000Z,2,0,https://github.com/pjanuario/zmq-service-suite-broker-js,https://reddit.com/r/nodejs/comments/2bykpk/nodejs_broker_implementation_for_zmq_service_suite/
nodejs,2byqeg,"Configuration files and NodeJS",dshadowwolf,2014-07-28T18:00:04.000Z,0,6,https://www.reddit.com/r/nodejs/comments/2byqeg/configuration_files_and_nodejs/,https://reddit.com/r/nodejs/comments/2byqeg/configuration_files_and_nodejs/
nodejs,2bu59t,"Node.js Tools for Visual Studio 1.0 Beta 2 Available",comebackbrighter,2014-07-27T04:51:51.000Z,15,1,http://blogs.msdn.com/b/visualstudio/archive/2014/07/23/node-js-tools-for-visual-studio-1-0-beta-2-available.aspx,https://reddit.com/r/nodejs/comments/2bu59t/nodejs_tools_for_visual_studio_10_beta_2_available/
nodejs,2bua1m,"Node / JS / NPM clothing",hash-bang,2014-07-27T06:06:51.000Z,7,6,https://www.reddit.com/r/nodejs/comments/2bua1m/node_js_npm_clothing/,https://reddit.com/r/nodejs/comments/2bua1m/node_js_npm_clothing/
nodejs,2brqmn,"Getting Started With Node WebKit Apps- Developing Desktop Native Apps ~ i-visionblog",[deleted],2014-07-26T10:08:57.000Z,4,2,http://www.i-visionblog.com/2014/07/getting-started-with-node-webkit-apps.html,https://reddit.com/r/nodejs/comments/2brqmn/getting_started_with_node_webkit_apps_developing/
nodejs,2brix8,"execsyncs can execute commands synchronously in both v0.10 and v0.11.",yosuke_furukawa,2014-07-26T07:12:36.000Z,2,2,https://github.com/yosuke-furukawa/execsyncs,https://reddit.com/r/nodejs/comments/2brix8/execsyncs_can_execute_commands_synchronously_in/
nodejs,2bqqud,"allow CORS for Node http in the most permissive way",cksz,2014-07-26T00:51:24.000Z,2,2,https://github.com/caike/permissive-cors,https://reddit.com/r/nodejs/comments/2bqqud/allow_cors_for_node_http_in_the_most_permissive/
nodejs,2bo8gy,"Why I wrote a template for Python projects in JavaScript",we_are_ananonumys,2014-07-25T07:06:31.000Z,8,0,https://gist.github.com/precise54/d57174e302eb8f36aa25,https://reddit.com/r/nodejs/comments/2bo8gy/why_i_wrote_a_template_for_python_projects_in/
nodejs,2bm7qz,"krakatoa/node_zmq_workshop: a bunch of ZMQ samples written in nodejs",brotherwayne,2014-07-24T18:25:07.000Z,6,2,https://github.com/krakatoa/node_zmq_workshop,https://reddit.com/r/nodejs/comments/2bm7qz/krakatoanode_zmq_workshop_a_bunch_of_zmq_samples/
nodejs,2bl0f2,"Using `process.emit(""log"", module, ""msg"")` as a centralised logger",timruffles,2014-07-24T10:27:27.000Z,13,1,https://gist.github.com/constantology/5f04d5782c1cc019722f,https://reddit.com/r/nodejs/comments/2bl0f2/using_processemitlog_module_msg_as_a_centralised/
nodejs,2bi3ml,"Question. How do I access embedded mongodb document through Jade, NodeJS and express",synf2n,2014-07-23T15:31:38.000Z,3,8,https://www.reddit.com/r/nodejs/comments/2bi3ml/question_how_do_i_access_embedded_mongodb/,https://reddit.com/r/nodejs/comments/2bi3ml/question_how_do_i_access_embedded_mongodb/
nodejs,2bfgq8,"Node.js Tools for Visual Studio Beta 2 (edit/debug/isense/profile/debug on linux/... available (free/oss)",smortaz,2014-07-22T20:39:15.000Z,9,3,https://nodejstools.codeplex.com/,https://reddit.com/r/nodejs/comments/2bfgq8/nodejs_tools_for_visual_studio_beta_2/
nodejs,2ba7t3,"Using Node.js with MySQL",qawemlilo,2014-07-21T10:05:25.000Z,8,7,http://blog.ragingflame.co.za/2014/7/21/using-nodejs-with-mysql,https://reddit.com/r/nodejs/comments/2ba7t3/using_nodejs_with_mysql/
nodejs,2b8lkx,"Stuck on introductory Nodejs tutorial",Frore,2014-07-20T21:12:07.000Z,5,2,https://www.reddit.com/r/nodejs/comments/2b8lkx/stuck_on_introductory_nodejs_tutorial/,https://reddit.com/r/nodejs/comments/2b8lkx/stuck_on_introductory_nodejs_tutorial/
nodejs,2b4o5o,"Node.js Do I have to install express every time I start a project?",e4ame,2014-07-19T13:03:47.000Z,15,12,https://www.reddit.com/r/nodejs/comments/2b4o5o/nodejs_do_i_have_to_install_express_every_time_i/,https://reddit.com/r/nodejs/comments/2b4o5o/nodejs_do_i_have_to_install_express_every_time_i/
nodejs,2ayjm3,"Found this today. Can't begin to image the possibilities of using a configurable distributed stacked storage.",chinkuSj,2014-07-17T15:11:13.000Z,11,2,https://github.com/ramniquesingh/distack,https://reddit.com/r/nodejs/comments/2ayjm3/found_this_today_cant_begin_to_image_the/
nodejs,2awfpu,"trying to track down a chatroom/file sharing project made in node seen on here a few months back",[deleted],2014-07-16T22:29:37.000Z,2,6,https://www.reddit.com/r/nodejs/comments/2awfpu/trying_to_track_down_a_chatroomfile_sharing/,https://reddit.com/r/nodejs/comments/2awfpu/trying_to_track_down_a_chatroomfile_sharing/
